{
  "ret_eth_perp": {
    "N": 40582,
    "mean": 0.0005194348696987027,
    "std": 0.8116649981339421,
    "min": -15.462208483716644,
    "p1": -2.460917754574586,
    "p5": -1.1701910413445171,
    "p25": -0.30411493016453406,
    "p50": 0.005435123949260046,
    "p75": 0.3219630908928517,
    "p95": 1.155801595049896,
    "p99": 2.3342584636399035,
    "max": 9.173175770063313,
    "skew": -0.6281731947274076,
    "excess_kurt": 17.582558768885136
  },
  "ret_btc_spot": {
    "N": 40582,
    "mean": 0.0009022253308897871,
    "std": 0.6087300165073247,
    "min": -10.91705171405426,
    "p1": -1.8592654552806902,
    "p5": -0.868443650189139,
    "p25": -0.22519914607364022,
    "p50": 0.00414488847262362,
    "p75": 0.2380677131620157,
    "p95": 0.8509538630146356,
    "p99": 1.7968218119495714,
    "max": 6.236338747665293,
    "skew": -0.3694217791323203,
    "excess_kurt": 14.966690109746523
  },
  "vol_eth_7d": {
    "N": 40582,
    "mean": 0.738326598124725,
    "std": 0.33839103883205846,
    "min": 0.1475564753681934,
    "p1": 0.24011564909387192,
    "p5": 0.3243550636333995,
    "p25": 0.5334039502493515,
    "p50": 0.6705901233012923,
    "p75": 0.8673563574896249,
    "p95": 1.3673612676396731,
    "p99": 1.9365185227684325,
    "max": 3.1725599768419896
  },
  "funding_rate": {
    "N": 40582,
    "mean": 8.190805578828053e-05,
    "std": 0.00016483952948801887,
    "min": -0.0034595,
    "p1": -0.00021234,
    "p5": -7.254e-05,
    "p25": 2.951e-05,
    "p50": 0.0001,
    "p75": 0.0001,
    "p95": 0.00029984649999999864,
    "p99": 0.0006635394000000052,
    "max": 0.00173118
  },
  "basis_bps": {
    "N": 40582,
    "mean": -3.650496533675694,
    "std": 9.25183548916357,
    "min": -384.20129196905793,
    "p1": -27.64993396807026,
    "p5": -13.882271413905773,
    "p25": -7.867894074969586,
    "p50": -4.3247024563216545,
    "p75": 0.7623886019073479,
    "p95": 9.447270563308068,
    "p99": 14.967765050259015,
    "max": 217.4084423149351
  },
  "oi": {
    "N": 40582,
    "mean": 496561.5829727459,
    "std": 331949.1257773717,
    "min": 23189.6,
    "p1": 33206.8029999981,
    "p5": 54246.733,
    "p25": 155713.1325,
    "p50": 489014.69,
    "p75": 713888.265,
    "p95": 1091807.7884999996,
    "p99": 1178587.2461,
    "max": 1263195.04
  },
  "log_liq": {
    "N": 40582,
    "mean": 1.7497965584978918,
    "std": 3.2965531170402045,
    "min": 0.0,
    "p1": 0.0,
    "p5": 0.0,
    "p25": 0.0,
    "p50": 0.0,
    "p75": 2.608968489212991,
    "p95": 9.161316931914039,
    "p99": 13.220695978458943,
    "max": 19.050046298567487,
    "n_nonzero": 10953,
    "pct_nonzero": 26.99
  },
  "liq_usd_total": {
    "sum_total_usd": 2517175401.8446536,
    "mean_nonzero_usd": 229816.06882540433,
    "sum_2021_usd": 373897353.27101433,
    "sum_2022_usd": 395167148.64887327,
    "sum_2023_usd": 91442785.54105811,
    "sum_2024_usd": 669851938.2441818,
    "sum_2025_usd": 986816176.1395262
  },
  "sample": {
    "first_obs": "2021-03-15 00:00:00+00:00",
    "last_obs": "2025-11-30 23:00:00+00:00",
    "N_total": 41328,
    "N_after_warmup": 40582,
    "warmup_rows": 746
  },
  "oi_high": {
    "pct_high": 34.94
  },
  "tail_asymmetry": {
    "n_below_minus5": 50,
    "n_above_plus5": 25,
    "ratio_far5": 2.0,
    "n_below_minus7": 13,
    "n_above_plus7": 6,
    "ratio_far7": 2.1666666666666665,
    "q_ratio_p1_p99": 1.0542610396010637,
    "q_ratio_p5_p95": 1.0124497546605304,
    "min": -15.462208483716644,
    "max": 9.173175770063313
  },
  "z3": {
    "N": 40582,
    "z_mean": 0.001036746200753387,
    "z_std": 1.0180848314433393,
    "z_skew": -0.2547996905229376,
    "z3_mean": -0.26563168129920095,
    "z3_mean_winsor": -0.10527475857762886,
    "winsor_lo_p1": -2.9841949468304483,
    "winsor_hi_p99": 2.789635840650405
  },
  "liq_crosstab": {
    "p_liq_all": 26.98979843280272,
    "n_all": 40582,
    "p_liq_worst1": 85.4679802955665,
    "p_liq_best1": 41.6256157635468,
    "n_worst1": 406,
    "n_best1": 406,
    "p_liq_worst5": 68.17733990147784,
    "p_liq_best5": 33.15270935960591,
    "n_worst5": 2030,
    "n_best5": 2030
  },
  "anchor_std_ret_eth_perp": {
    "value": 0.8117,
    "anchor_estimate": 0.8,
    "deviation_pct": 1.5,
    "anchor_discrepancy": false
  },
  "anchor_cumulative_liq_usd": {
    "value_bn": 2.517,
    "anchor_estimate_bn": 2.5,
    "deviation_pct": 0.7,
    "anchor_discrepancy": false
  }
}