h,beta_shock_ols,se_ols,se_hac,pval_hac,ratio_hac_ols
0,-8.344993698900668e-05,0.0008045057019198076,0.0011849327831414658,0.9438546911115827,1.4728705841535215
1,0.0005912686757283974,0.0017088637488526482,0.0026377519164560866,0.8226356958777131,1.5435706434916798
3,0.004585547510092973,0.002718262539443067,0.004969557853146687,0.35614925028197897,1.8282111389302662
6,0.004469364958070021,0.0037189711713694193,0.008267566790617457,0.5887901264062227,2.2230790209575972
12,0.017456286796010908,0.005205435957315063,0.013036184828334182,0.18054981401561032,2.504340642211681
24,0.03289158276527253,0.007349237002466433,0.020220487262100635,0.10381221912062721,2.751372320053709
