{
  "script": "scripts/aux/run_placebo_symmetric.py",
  "purpose": "Carriero-style symmetric-density placebo (backs A3)",
  "n_sim": 500,
  "dgp": {
    "mean": {
      "mean_shock_coef": 0.00013949947324322102,
      "n_mask": 40582,
      "var_resid": 0.18864707923020113,
      "resid_mean": 1.575793362042507e-18,
      "real_resid_excess_kurtosis": 20.383863420123895,
      "real_resid_skew": 0.3050806753858503
    },
    "dgp": "sign_flip",
    "vol_specs": {
      "empirical": {
        "note": "sigma-free sign-flip DGP \u2014 ret = m_t \u00b1 |resid_t|; the empirical conditional-vol path is preserved exactly, no vol model is fitted"
      }
    },
    "gaps": {
      "empirical": {
        "0": {
          "gap_real": 0.013539574138174526,
          "gap_placebo_mean": 0.00011621531860934964,
          "gap_placebo_ci_lo": -0.018599511091415832,
          "gap_placebo_ci_hi": 0.01760529704427061,
          "real_abs_beta_lo": 0.03217347612399912,
          "real_abs_beta_hi": 0.018633901985824597,
          "verdict": "scale artefact (gap_real inside symmetric band)"
        },
        "1": {
          "gap_real": 0.04443042496625438,
          "gap_placebo_mean": -4.9791880339423055e-05,
          "gap_placebo_ci_lo": -0.03828164623172527,
          "gap_placebo_ci_hi": 0.04027248610455459,
          "real_abs_beta_lo": 0.08682350672926376,
          "real_abs_beta_hi": 0.04239308176300938,
          "verdict": "GENUINE asymmetry (gap_real above symmetric band)"
        },
        "3": {
          "gap_real": 0.04471839562835811,
          "gap_placebo_mean": 0.04663790863004479,
          "gap_placebo_ci_lo": -0.026542696636005968,
          "gap_placebo_ci_hi": 0.11832936168427391,
          "real_abs_beta_lo": 0.10509403258804895,
          "real_abs_beta_hi": 0.06037563695969084,
          "verdict": "scale artefact (gap_real inside symmetric band)"
        },
        "6": {
          "gap_real": 0.0800823574793803,
          "gap_placebo_mean": 0.09537345037062721,
          "gap_placebo_ci_lo": -0.009426337864057296,
          "gap_placebo_ci_hi": 0.2089954753943444,
          "real_abs_beta_lo": 0.15954378718214457,
          "real_abs_beta_hi": 0.07946142970276426,
          "verdict": "scale artefact (gap_real inside symmetric band)"
        },
        "12": {
          "gap_real": 0.1525051096686525,
          "gap_placebo_mean": 0.16605413986314432,
          "gap_placebo_ci_lo": -0.015304003186167347,
          "gap_placebo_ci_hi": 0.3425595066996552,
          "real_abs_beta_lo": 0.2411159786718926,
          "real_abs_beta_hi": 0.08861086900324011,
          "verdict": "scale artefact (gap_real inside symmetric band)"
        },
        "18": {
          "gap_real": 0.06358294282643229,
          "gap_placebo_mean": 0.1326731233446073,
          "gap_placebo_ci_lo": -0.06261718661254494,
          "gap_placebo_ci_hi": 0.351105254172058,
          "real_abs_beta_lo": 0.23191709825935192,
          "real_abs_beta_hi": 0.16833415543291963,
          "verdict": "scale artefact (gap_real inside symmetric band)"
        },
        "24": {
          "gap_real": 0.05753599815609789,
          "gap_placebo_mean": 0.0900965807239551,
          "gap_placebo_ci_lo": -0.14735495607018026,
          "gap_placebo_ci_hi": 0.3343991745618506,
          "real_abs_beta_lo": 0.21309558149341967,
          "real_abs_beta_hi": 0.15555958333732178,
          "verdict": "scale artefact (gap_real inside symmetric band)"
        }
      }
    }
  },
  "taus": [
    0.01,
    0.05,
    0.95,
    0.99
  ],
  "horizons": [
    0,
    1,
    3,
    6,
    12,
    18,
    24
  ],
  "vol_models": [
    "empirical"
  ],
  "gap_pair": {
    "lo_tau": 0.01,
    "hi_tau": 0.99
  },
  "max_iter": 20000,
  "seed": 42,
  "n_jobs": -1,
  "seed_scheme": "default_rng([seed, VOL_MODEL_SEED_KEY[vol_model]]) with VOL_MODEL_SEED_KEY={rolling:1, garch:2}; sign vectors pre-drawn sequentially before any parallel dispatch. NOTE: pre-2026-06-12 runs used abs(hash(vol_model)) which is process-randomised (PYTHONHASHSEED) \u2014 those streams are NOT reproducible; canonical = this scheme.",
  "n_rows_panel": 40582,
  "regressors": [
    "shock",
    "shock_x_oi_high",
    "oi_high",
    "ret_btc_spot",
    "vol_eth_7d",
    "funding_rate",
    "basis_bps"
  ],
  "controls": [
    "ret_btc_spot",
    "vol_eth_7d",
    "funding_rate",
    "basis_bps"
  ],
  "run_timestamp_utc": "2026-07-02T19:36:48.943134+00:00",
  "python_version": "3.12.3",
  "arch_version": "7.2.0",
  "platform": "Linux-6.8.0-110-generic-x86_64-with-glibc2.39"
}