h,beta01_mean,beta01_median,beta01_ci_lo,beta01_ci_hi,beta01_pct_negative,beta50_mean,beta50_median,beta50_ci_lo,beta50_ci_hi,beta50_pct_negative,delta_point,delta_mean,delta_median,delta_ci_lo,delta_ci_hi,delta_pval,n_boot
0,-0.03677329768343411,-0.033669294184564436,-0.05957576638785504,-0.020921565859253803,100.0,0.0016143804198402573,0.001617856838002224,1.431598328872076e-05,0.003077346647401908,2.3,-0.0338855677075319,-0.03838767810327436,-0.03508681646207337,-0.06119091542284937,-0.022949005118965436,0.0,1000.0
1,-0.08693769044474708,-0.08589441281451293,-0.13462546447151036,-0.0413846703404379,99.9,0.005666908955402674,0.005772266936505573,0.0021284714359128057,0.008583552781915388,0.1,-0.0924185874102933,-0.09260459940014977,-0.09164357299828581,-0.13976648156710691,-0.047994888731097085,0.0,1000.0
3,-0.1141531055142622,-0.10544001153681559,-0.19345839701246276,-0.05373943929528059,100.0,0.009622152034475006,0.009513783247350027,0.004318090200039665,0.015212172003567018,0.1,-0.11513548200887778,-0.12377525754873718,-0.115162085864143,-0.20093918002874828,-0.06371290947406842,0.005,1000.0
6,-0.16728078457612072,-0.15625688080366062,-0.39083706290280756,-0.03548655410183105,99.9,0.014064841552006,0.013779762352792428,0.00592596622671601,0.022889164616989952,0.0,-0.17262140319899166,-0.18134562612812669,-0.1702432395704012,-0.39868019615949424,-0.051443142573693576,0.043,1000.0
12,-0.2518944485566191,-0.23895581647286956,-0.5102696749670664,-0.04348136864358466,99.8,0.03141738059419821,0.031366646122835795,0.017987460860080327,0.045460035035441014,0.0,-0.27312330853632705,-0.28331182915081726,-0.268707551127265,-0.5449600282903887,-0.07164582280134095,0.024,1000.0
24,-0.19919195437134424,-0.20066297043778292,-0.36762262001765167,-0.02071023136500414,98.7,0.03752821947916463,0.037386568481610705,0.016634360637909986,0.05941895015460398,0.0,-0.2508813738513138,-0.23672017385050884,-0.23832308129265645,-0.3984234992322475,-0.05905634941560108,0.003,1000.0
