measure,beta,ci_lo,ci_hi,pval,n_obs
skew_tail05,0.0004291037717763932,-0.0007493517013446179,0.0015778373502870102,0.446,40582
skew_tail01,0.0007095009285964496,0.0001804467106742548,0.0012644741801209943,0.012,40582
z3_winsor,-0.02929537776309106,-0.0439136343396294,-0.014793929517444066,0.0,40582
